0_precision,0_recall,0_f1_score,0_support,1_precision,1_recall,1_f1_score,1_support,accuracy,macro_avg_precision,macro_avg_recall,macro_avg_f1_score,macro_avg_support,weighted_avg_precision,weighted_avg_recall,weighted_avg_f1_score,weighted_avg_support,random_seed,num_shots,training_time
0.782608695652174,0.9642857142857143,0.864,112.0,0.9111111111111111,0.5774647887323944,0.7068965517241379,71.0,0.8142076502732241,0.8468599033816425,0.7708752515090543,0.7854482758620689,183.0,0.8324648240542752,0.8142076502732241,0.8030472960241192,183.0,1,1,0.40900933742523193
0.8244274809160306,0.9642857142857143,0.8888888888888888,112.0,0.9230769230769231,0.676056338028169,0.7804878048780488,71.0,0.8524590163934426,0.8737522019964769,0.8201710261569417,0.8346883468834688,183.0,0.8627013082024971,0.8524590163934426,0.8468316377152841,183.0,1,12,10.029202738776803
0.8372093023255814,0.9642857142857143,0.8962655601659751,112.0,0.9259259259259259,0.704225352112676,0.8,71.0,0.8633879781420765,0.8815676141257537,0.8342555331991952,0.8481327800829876,183.0,0.8716294131213436,0.8633879781420765,0.8589166269868262,183.0,1,12,18.60146299470216
